title,description,summary,pubDate,url
ポケモンGOのバレンタインは時間との勝負　チャレンジのクリア条件にも要注意,ポケモンGOで14日から「バレンタインイベント」が始まりました。恒例の「タイムチャレンジ」は事前発表より報酬が充実。,ポケモンGOで14日から「バレンタインイベント」が始まりました。恒例の「タイムチャレンジ」は事前発表より報酬が充実。,Mon Feb 15 2021 20:00:00 GMT+0900 (日本標準時),https://www.itmedia.co.jp/news/articles/2102/15/news136.html
似ているヘアカット写真を見つける画像認識AI　「Yahoo! BEAUTY」の新機能で活用,ヤフーがヘアスタイル検索サービス「Yahoo! BEAUTY」に独自開発の画像認識AIを活用した新機能を導入したと発表。ユーザーの好みにあった画像の表示精度がアップしたという。,ヤフーがヘアスタイル検索サービス「Yahoo! BEAUTY」に独自開発の画像認識AIを活用した新機能を導入したと発表。ユーザーの好みにあった画像の表示精度がアップしたという。,Mon Feb 15 2021 19:25:00 GMT+0900 (日本標準時),https://www.itmedia.co.jp/news/articles/2102/15/news137.html
「人間よりAIの財務管理を信頼」、日本では9割超　オラクル調べ,日本オラクルが、米国や日本など14カ国の企業に属する管理職など計9001人を対象にした調査結果を発表。日本では、人間よりAI・ロボットの財務管理を信頼する人は全体の91％という数字が出た。,日本オラクルが、米国や日本など14カ国の企業に属する管理職など計9001人を対象にした調査結果を発表。日本では、人間よりAI・ロボットの財務管理を信頼する人は全体の91％という数字が出た。,Mon Feb 15 2021 18:55:00 GMT+0900 (日本標準時),https://www.itmedia.co.jp/news/articles/2102/15/news133.html
富士通、クラウド運用の電力を100％再生可能エネルギーへ　2022年度までに,富士通は、同社のクラウドサービス「FUJITSU Hybrid IT Service FJcloud」の運用に必要な電力の全てを、2022年度までに再生可能エネルギー由来にする。,富士通は、同社のクラウドサービス「FUJITSU Hybrid IT Service FJcloud」の運用に必要な電力の全てを、2022年度までに再生可能エネルギー由来にする。,Mon Feb 15 2021 18:00:00 GMT+0900 (日本標準時),https://www.itmedia.co.jp/news/articles/2102/15/news127.html
画像認識AIで路面凍結を発見、降雪時の視界不良も測定　新潟で実証実験,日本気象協会がAIを活用して、悪天候時の路面状態や視界の悪さをリアルタイムで測定する実験を始める。計測機器がなくても路面凍結などを把握できるようになり、交通事故の抑止に役立つという。,日本気象協会がAIを活用して、悪天候時の路面状態や視界の悪さをリアルタイムで測定する実験を始める。計測機器がなくても路面凍結などを把握できるようになり、交通事故の抑止に役立つという。,Mon Feb 15 2021 17:14:00 GMT+0900 (日本標準時),https://www.itmedia.co.jp/news/articles/2102/15/news120.html
ダイヤル式金庫の仕組みを再現　カプセルトイ「マジで破れる金庫」発売,ブシロードクリエイティブは2月15日、ダイヤル式金庫の仕組みを再現したカプセルトイ「マジで破れる金庫」を発売した。1回300円（税込）。,ブシロードクリエイティブは2月15日、ダイヤル式金庫の仕組みを再現したカプセルトイ「マジで破れる金庫」を発売した。1回300円（税込）。,Mon Feb 15 2021 13:11:00 GMT+0900 (日本標準時),https://www.itmedia.co.jp/news/articles/2102/15/news095.html
新型コロナワクチンの接種時期、年齢と居住地から予測　JX通信社のアプリに新機能,JX通信社が提供するニュース速報アプリ「NewsDigest」（iOS／Android、無料）に年齢や居住地から新型コロナウイルスワクチンの接種スケジュールを予測する機能が追加された。アプリ内の特設ページから無料で閲覧できる。,JX通信社が提供するニュース速報アプリ「NewsDigest」（iOS／Android、無料）に年齢や居住地から新型コロナウイルスワクチンの接種スケジュールを予測する機能が追加された。アプリ内の特設ページから無料で閲覧できる。,Mon Feb 15 2021 12:57:00 GMT+0900 (日本標準時),https://www.itmedia.co.jp/news/articles/2102/15/news093.html
ソフトバンク、4G周波数帯を転用した5Gサービス開始　東京・愛知でエリア拡大,ソフトバンクが、4G周波数帯の700MHz、1.7GHz、3.4GHz帯を転用した5Gサービスを東京都と愛知県の一部で始めた。,ソフトバンクが、4G周波数帯の700MHz、1.7GHz、3.4GHz帯を転用した5Gサービスを東京都と愛知県の一部で始めた。,Mon Feb 15 2021 12:40:00 GMT+0900 (日本標準時),https://www.itmedia.co.jp/news/articles/2102/15/news089.html
新型コロナワクチン接種のビル・ゲイツ氏長女「残念ながら父の才能チップは移植されなかった」と投稿,「ビル・ゲイツが開発している新型コロナのワクチンは、実は人々の思考を監視するためのマイクロチップを移植するためのものだ」などの陰謀論が一部で広まる中、ゲイツ氏の長女で医学生のジェニファーさんがワクチン接種報告Instagramで、チップは入っていなかったと書いた。,「ビル・ゲイツが開発している新型コロナのワクチンは、実は人々の思考を監視するためのマイクロチップを移植するためのものだ」などの陰謀論が一部で広まる中、ゲイツ氏の長女で医学生のジェニファーさんがワクチン接種報告Instagramで、チップは入っていなかったと書いた。,Mon Feb 15 2021 11:30:00 GMT+0900 (日本標準時),https://www.itmedia.co.jp/news/articles/2102/15/news080.html
大阪公立大にドローン専門科目設置へ　2022年度開学,2022年度に開学する大阪公立大学に、ドローンに関する専攻科目の設置が検討されていることが分かった。物流や農業、防災など、さまざまな場面での活用が期待されるドローン研究を推進する。,2022年度に開学する大阪公立大学に、ドローンに関する専攻科目の設置が検討されていることが分かった。物流や農業、防災など、さまざまな場面での活用が期待されるドローン研究を推進する。,Mon Feb 15 2021 10:00:00 GMT+0900 (日本標準時),https://www.itmedia.co.jp/news/articles/2102/15/news064.html
アバターロボットでカップヌードルミュージアム見学,遠隔地の小学生がアバターロボットを操作して、施設見学を行うイベントが、カップヌードルミュージアム大阪池田で行われた。子供たちは、パソコンのモニターなどを通じて視覚や聴覚をロボットと共有し、即席麺が誕生した歴史などを学んだ。,遠隔地の小学生がアバターロボットを操作して、施設見学を行うイベントが、カップヌードルミュージアム大阪池田で行われた。子供たちは、パソコンのモニターなどを通じて視覚や聴覚をロボットと共有し、即席麺が誕生した歴史などを学んだ。,Mon Feb 15 2021 10:00:00 GMT+0900 (日本標準時),https://www.itmedia.co.jp/news/articles/2102/15/news063.html
津波シミュレーターに竜巻発生装置……最新の「気象科学館」人気,気象庁の「気象科学館」が防災教育施設として注目を集めている。津波シミュレーターの他、竜巻や台風を発生させる装置、火山の仕組みについて学べる展示、緊急地震速報の体験など、災害を中心に基礎知識を学べる施設が多くある。,気象庁の「気象科学館」が防災教育施設として注目を集めている。津波シミュレーターの他、竜巻や台風を発生させる装置、火山の仕組みについて学べる展示、緊急地震速報の体験など、災害を中心に基礎知識を学べる施設が多くある。,Mon Feb 15 2021 10:00:00 GMT+0900 (日本標準時),https://www.itmedia.co.jp/news/articles/2102/15/news062.html
ジャック・ドーシー氏、ビットコイン開発ファンドにラッパーのJay-Zと500ビットコイン出資,TwitterとSquareのCEO、ジャック・ドーシー氏がラッパーのJay-Zとともにビットコイン開発支援ファンド「Btrust」を立ち上げ、500ビットコイン（約25億円相当）出資した。まずはインドとアフリカにフォーカスする。,TwitterとSquareのCEO、ジャック・ドーシー氏がラッパーのJay-Zとともにビットコイン開発支援ファンド「Btrust」を立ち上げ、500ビットコイン（約25億円相当）出資した。まずはインドとアフリカにフォーカスする。,Mon Feb 15 2021 09:49:00 GMT+0900 (日本標準時),https://www.itmedia.co.jp/news/articles/2102/15/news070.html
小学校教員と保護者が業務効率化アプリを自力で開発　仕事の困り事は自分で解決,長野県に、教員や保護者が学校に必要なシステムを自分で作る小学校がある。自力でローコード開発したアプリを運用して情報共有の効率化を図る。校長は「教師たちが仕事時間の大半を子供たちと向き合う時間に回せるようになった」と話す。,長野県に、教員や保護者が学校に必要なシステムを自分で作る小学校がある。自力でローコード開発したアプリを運用して情報共有の効率化を図る。校長は「教師たちが仕事時間の大半を子供たちと向き合う時間に回せるようになった」と話す。,Mon Feb 15 2021 08:00:00 GMT+0900 (日本標準時),https://www.itmedia.co.jp/news/articles/2102/15/news059.html
Facebook、スマートウォッチを来年発売か──米報道,Facebookがオリジナルのスマートウォッチを開発しており、来年にも発売すると米The Informationが報じた。セルラーモデルで「Facebook Messenger」をやり取りでき、ヘルスケアやフィットネス機能を搭載する。,Facebookがオリジナルのスマートウォッチを開発しており、来年にも発売すると米The Informationが報じた。セルラーモデルで「Facebook Messenger」をやり取りでき、ヘルスケアやフィットネス機能を搭載する。,Mon Feb 15 2021 07:43:00 GMT+0900 (日本標準時),https://www.itmedia.co.jp/news/articles/2102/15/news060.html
パスワード使い回しや「Windows 7」使用、不正侵入を招いた水道システム管理の実情,市の浄水システムに侵入し、飲料水を操作しようとした行為が見つかった。これは氷山の一角だという。,市の浄水システムに侵入し、飲料水を操作しようとした行為が見つかった。これは氷山の一角だという。,Mon Feb 15 2021 07:00:00 GMT+0900 (日本標準時),https://www.itmedia.co.jp/news/articles/2102/15/news055.html
アニメ「鬼滅の刃」2期、年内のテレビ放映が決定　「こっからはド派手に行くぜ」,テレビアニメ「鬼滅の刃」の第2期「遊郭編」の年内放送が決まった。同日、公式サイトとPV第1弾も公開している。,テレビアニメ「鬼滅の刃」の第2期「遊郭編」の年内放送が決まった。同日、公式サイトとPV第1弾も公開している。,Sun Feb 14 2021 23:06:00 GMT+0900 (日本標準時),https://www.itmedia.co.jp/news/articles/2102/14/news034.html
Googleが「Stadia」のオリジナルゲーム製作をあきらめた理由,Googleが、ゲームクラウド「Stadia」のオリジナルゲーム製作のために立ち上げたスタジオを閉鎖する。「アサシン クリード」などを手掛けたカリスマが率いるチームは解散。オリジナルゲームは生まれなかった。,Googleが、ゲームクラウド「Stadia」のオリジナルゲーム製作のために立ち上げたスタジオを閉鎖する。「アサシン クリード」などを手掛けたカリスマが率いるチームは解散。オリジナルゲームは生まれなかった。,Sun Feb 14 2021 16:05:00 GMT+0900 (日本標準時),https://www.itmedia.co.jp/news/articles/2102/14/news017.html
COCOA不具合の原因は「APIの使い方を誤った」　平井デジタル相、改善を約束　開発の下請け構造改善も,平井卓也デジタル改革担当相が政府の接触確認アプリ「COCOA」の不具合について、不具合発生の原因にアプリのAPI連携に問題があったことを説明した上で、今回の課題やデジタル庁を創設する意義などを改めて強調した。,平井卓也デジタル改革担当相が政府の接触確認アプリ「COCOA」の不具合について、不具合発生の原因にアプリのAPI連携に問題があったことを説明した上で、今回の課題やデジタル庁を創設する意義などを改めて強調した。,Fri Feb 12 2021 21:35:00 GMT+0900 (日本標準時),https://www.itmedia.co.jp/news/articles/2102/12/news142.html
Anker、FMトランスミッター4製品を自主回収　総務省の調査を受け,指摘を受けたのは1製品だったが、同種の3製品も合わせて自主回収となった。,指摘を受けたのは1製品だったが、同種の3製品も合わせて自主回収となった。,Fri Feb 12 2021 19:35:00 GMT+0900 (日本標準時),https://www.itmedia.co.jp/news/articles/2102/12/news137.html
Slack、1月の障害の原因を説明　「AWS Transit Gateway」がトラフィックの急上昇に対応できず,Slackが、日本時間1月4日から5日かけて発生した大規模障害の原因について、AWSのネットワーク基盤の一部が飽和していたと説明した。スケーリングが適切に行われなかったため、AWSのエンジニアが手動でキャパシティーを増やした。,Slackが、日本時間1月4日から5日かけて発生した大規模障害の原因について、AWSのネットワーク基盤の一部が飽和していたと説明した。スケーリングが適切に行われなかったため、AWSのエンジニアが手動でキャパシティーを増やした。,Fri Feb 12 2021 19:30:00 GMT+0900 (日本標準時),https://www.itmedia.co.jp/news/articles/2102/12/news135.html
「みんながエッチなことに真摯だった」──ただのモザイクをエッチな画像に“進化”させるプロジェクト、Googleの広告BANで目標達成　開発者に聞く,「2つのモザイク画像の中からセクシーに感じるものをクリックすると、だんだん画像がエッチになっていく」プロジェクトが話題に。仕組みや制作の経緯を開発者に聞いた。,「2つのモザイク画像の中からセクシーに感じるものをクリックすると、だんだん画像がエッチになっていく」プロジェクトが話題に。仕組みや制作の経緯を開発者に聞いた。,Fri Feb 12 2021 19:27:00 GMT+0900 (日本標準時),https://www.itmedia.co.jp/news/articles/2102/12/news138.html
イラスト発注サービス「Skeb」運営元、全株式を老舗出版社に譲渡　「1人でのサービス維持が難しい」,クリエイターに有償でイラストを発注できるサービス「Skeb」の運営元が、実業之日本社に全株式を10億円で譲渡。理由は「1人でのサービス維持が難しい」という。,クリエイターに有償でイラストを発注できるサービス「Skeb」の運営元が、実業之日本社に全株式を10億円で譲渡。理由は「1人でのサービス維持が難しい」という。,Fri Feb 12 2021 19:17:00 GMT+0900 (日本標準時),https://www.itmedia.co.jp/news/articles/2102/12/news133.html
COCOAの不具合検証、「正常に作動するようお手伝いしたい」　平井デジタル相,平井卓也デジタル改革担当相が政府の接触確認アプリ「COCOA」で発生した不具合について、検証に向けた技術的な支援を内閣官房IT総合戦略室（IT室）が担う可能性について言及した。,平井卓也デジタル改革担当相が政府の接触確認アプリ「COCOA」で発生した不具合について、検証に向けた技術的な支援を内閣官房IT総合戦略室（IT室）が担う可能性について言及した。,Fri Feb 12 2021 18:15:00 GMT+0900 (日本標準時),https://www.itmedia.co.jp/news/articles/2102/12/news128.html
珍しい名字の検索ランキングにも「鬼滅の刃」影響　1位「竈門」、3位「不死川」は実在のレア名字,「名字由来net」を運営するリクスタが珍しい名字の検索ランキングを発表した。1位に「竈門」、3位に「不死川」など、アニメ「鬼滅の刃」の登場人物の名字が多くランクインした。,「名字由来net」を運営するリクスタが珍しい名字の検索ランキングを発表した。1位に「竈門」、3位に「不死川」など、アニメ「鬼滅の刃」の登場人物の名字が多くランクインした。,Fri Feb 12 2021 17:25:00 GMT+0900 (日本標準時),https://www.itmedia.co.jp/news/articles/2102/12/news123.html
ジブリ最新作「アーヤと魔女」、4月に劇場公開　初の3D CG　一部カット追加,スタジオジブリと東宝は、2020年の年末にNHKで放映した「アーヤと魔女」を4月29日から劇場公開する。一部カットを加え、映像と音響を劇場クオリティで制作したという。,スタジオジブリと東宝は、2020年の年末にNHKで放映した「アーヤと魔女」を4月29日から劇場公開する。一部カットを加え、映像と音響を劇場クオリティで制作したという。,Fri Feb 12 2021 17:21:00 GMT+0900 (日本標準時),https://www.itmedia.co.jp/news/articles/2102/12/news121.html
話し言葉を手話に自動変換　なめらかな生成を実現──英研究,手話の遷移を滑らかにする技術。,手話の遷移を滑らかにする技術。,Fri Feb 12 2021 15:16:00 GMT+0900 (日本標準時),https://www.itmedia.co.jp/news/articles/2102/12/news074.html
Web会議ツール「Teams」で障害　米Microsoftは「調査中」とコメント【復旧済み】,米Microsoftが提供するWeb会議ツール「Microsoft Teams」で障害が発生していたが、その後復旧した。,米Microsoftが提供するWeb会議ツール「Microsoft Teams」で障害が発生していたが、その後復旧した。,Fri Feb 12 2021 15:04:00 GMT+0900 (日本標準時),https://www.itmedia.co.jp/news/articles/2102/12/news096.html
Twitter、日本を含むG7の公人と政府機関のアカウントにラベル追加へ,Twitterは日本を含む数カ国の国家元首や政府機関、国営メディアの公式アカウントに識別するためのラベルを段階的に追加していくと発表した。ユーザーが客観的に判断するためのコンテキストを提供する目的。,Twitterは日本を含む数カ国の国家元首や政府機関、国営メディアの公式アカウントに識別するためのラベルを段階的に追加していくと発表した。ユーザーが客観的に判断するためのコンテキストを提供する目的。,Fri Feb 12 2021 14:54:00 GMT+0900 (日本標準時),https://www.itmedia.co.jp/news/articles/2102/12/news094.html
「サイバーパンク2077」開発元にサイバー攻撃　データ奪われ脅迫される,「サイバーパンク2077」などを開発するポーランドのCD PROJECTは、社内システムの一部がサイバー攻撃を受け、データの一部を奪われたり暗号化されたと発表した。,「サイバーパンク2077」などを開発するポーランドのCD PROJECTは、社内システムの一部がサイバー攻撃を受け、データの一部を奪われたり暗号化されたと発表した。,Fri Feb 12 2021 12:16:00 GMT+0900 (日本標準時),https://www.itmedia.co.jp/news/articles/2102/12/news079.html
Instagram、DMでのヘイトスピーチ対策を強化　繰り返すとアカウント無効に,Instagramが、DM（ダイレクトメッセージ）での嫌がらせやいじめに対処するため、ポリシー違反のDMを繰り返し送るアカウントを無効にすると発表した。嫌がらせのために別アカウントを作成しても無効にされる。,Instagramが、DM（ダイレクトメッセージ）での嫌がらせやいじめに対処するため、ポリシー違反のDMを繰り返し送るアカウントを無効にすると発表した。嫌がらせのために別アカウントを作成しても無効にされる。,Fri Feb 12 2021 11:56:00 GMT+0900 (日本標準時),https://www.itmedia.co.jp/news/articles/2102/12/news073.html
オープンな雑談の場を脅かす“迷惑系Clubhouser”　Clubhouseのリスクを考える,,,Fri Feb 12 2021 10:29:00 GMT+0900 (日本標準時),https://www.itmedia.co.jp/news/articles/2102/12/news065.html
Clubhouseに連絡先を提供してもいいの？　米メディアが注意喚起,人気急上昇中の音声SNS「Clubhouse」はログイン時にスマートフォン内の連絡先リストへのアクセス許可を求める。許可すると連絡先の友人を招待できるが、思わぬ可能性もあると米OneZeroが注意喚起した。,人気急上昇中の音声SNS「Clubhouse」はログイン時にスマートフォン内の連絡先リストへのアクセス許可を求める。許可すると連絡先の友人を招待できるが、思わぬ可能性もあると米OneZeroが注意喚起した。,Fri Feb 12 2021 10:20:00 GMT+0900 (日本標準時),https://www.itmedia.co.jp/news/articles/2102/12/news063.html
3Dプリンタとスプレーで作る曲面タッチディスプレイ　MITなど開発,3Dプリンタにスプレーを組み込む手法も検討中。,3Dプリンタにスプレーを組み込む手法も検討中。,Fri Feb 12 2021 10:09:00 GMT+0900 (日本標準時),https://www.itmedia.co.jp/news/articles/2102/12/news061.html
画面と時間の争奪戦……動画配信サービス、独自色で国内勢攻勢,コロナ禍で存在感を増したのが動画配信サービスだが、Amazon Prime VideoやNetflixなどの海外勢が先行しているが、ここにきて国内の動画配信サービスも独自色を打ち出しながら、顧客の取り込みに攻勢をかけている。,コロナ禍で存在感を増したのが動画配信サービスだが、Amazon Prime VideoやNetflixなどの海外勢が先行しているが、ここにきて国内の動画配信サービスも独自色を打ち出しながら、顧客の取り込みに攻勢をかけている。,Fri Feb 12 2021 10:00:00 GMT+0900 (日本標準時),https://www.itmedia.co.jp/news/articles/2102/12/news059.html
自衛隊初の5G基地　ドローン、無人車両で省人化　実証実験へ,防衛省が5Gを活用した自衛隊基地のスマート化に着手する。2021年度から実証実験を始める。5Gの特性を生かした小型無人機（ドローン）や陸上無人車両（UGV）などの導入を想定しており、無人化・省人化に向けた取り組みを強化する。,防衛省が5Gを活用した自衛隊基地のスマート化に着手する。2021年度から実証実験を始める。5Gの特性を生かした小型無人機（ドローン）や陸上無人車両（UGV）などの導入を想定しており、無人化・省人化に向けた取り組みを強化する。,Fri Feb 12 2021 10:00:00 GMT+0900 (日本標準時),https://www.itmedia.co.jp/news/articles/2102/12/news057.html
ファン内蔵テック系マスクの真価は？　Philips「ブリーズマスク」を2週間使ってみた,西田宗千佳さんが買ったフィリップス製マスクの使い心地は？,西田宗千佳さんが買ったフィリップス製マスクの使い心地は？,Fri Feb 12 2021 09:20:00 GMT+0900 (日本標準時),https://www.itmedia.co.jp/news/articles/2102/12/news058.html
Pixel独占だったGoogleフォト高機能が他のAndroidにも　ただし要有料「Google One」,「Googleフォト」の「ポートレイトライト」やAIによる自動フィルタなど、これまでPixelシリーズでのみ利用できた機能が他のAndroid端末でも利用可能になる。ただし、月額250円からのクラウドストレージ「Google One」に加入する必要がある。,「Googleフォト」の「ポートレイトライト」やAIによる自動フィルタなど、これまでPixelシリーズでのみ利用できた機能が他のAndroid端末でも利用可能になる。ただし、月額250円からのクラウドストレージ「Google One」に加入する必要がある。,Fri Feb 12 2021 08:23:00 GMT+0900 (日本標準時),https://www.itmedia.co.jp/news/articles/2102/12/news053.html
Epic Games、超リアルなデジタルヒューマン作成ツール「MetaHuman Creator」をクラウドで提供へ　Webブラウザだけで制作可能に,2体分のデジタルヒューマンをダウンロードして、Unreal Engineで動かせる。,2体分のデジタルヒューマンをダウンロードして、Unreal Engineで動かせる。,Thu Feb 11 2021 08:47:00 GMT+0900 (日本標準時),https://www.itmedia.co.jp/news/articles/2102/11/news027.html
ポケモンGOに「メガギャラドス」初登場　旧正月イベントで　リモート交換にキラ率アップも,ポケモンGOで14日まで「旧正月イベント」開催中。「メガギャラドス」初実装に加え、地域限定ポケモンの「ケンタロス」を入手できるなど見逃せないポイントがいくつかあります。,ポケモンGOで14日まで「旧正月イベント」開催中。「メガギャラドス」初実装に加え、地域限定ポケモンの「ケンタロス」を入手できるなど見逃せないポイントがいくつかあります。,Wed Feb 10 2021 21:15:00 GMT+0900 (日本標準時),https://www.itmedia.co.jp/news/articles/2102/10/news146.html
「モバイルSuica」リニューアル　OS間の移行に完全対応、AndroidならモバイルPASMOと共存可能に,JR東日本が、スマートフォン向けサービス 「モバイルSuica」 を3月21日にリニューアルすると発表。iOS端末からAndroid端末へSuicaを移行できるようにするなど機能を増やす。,JR東日本が、スマートフォン向けサービス 「モバイルSuica」 を3月21日にリニューアルすると発表。iOS端末からAndroid端末へSuicaを移行できるようにするなど機能を増やす。,Wed Feb 10 2021 19:08:00 GMT+0900 (日本標準時),https://www.itmedia.co.jp/news/articles/2102/10/news139.html
freee、個人情報約3000件が閲覧可能な状態に　Salesforce製品の設定ミス,クラウド会計ソフトを提供するfreeeが、2898件の個人情報が外部から閲覧可能な状態になっていたと発表。「Salesforce」の設定に不備があり、第三者がアクセスできる状態になっていたという。,クラウド会計ソフトを提供するfreeeが、2898件の個人情報が外部から閲覧可能な状態になっていたと発表。「Salesforce」の設定に不備があり、第三者がアクセスできる状態になっていたという。,Wed Feb 10 2021 18:34:00 GMT+0900 (日本標準時),https://www.itmedia.co.jp/news/articles/2102/10/news135.html
平井大臣、COCOAに苦言　「出来のいいアプリではなかった」「発注にも問題あった」,平井卓也デジタル改革担当相が政府の接触確認アプリ「COCOA」の障害に言及し、「あまり出来の良いアプリではなかった」と苦言を呈した。9月のデジタル庁創設後はアプリ開発時にGoogleやAppleなどともダイレクトに協議する考えも示した。,平井卓也デジタル改革担当相が政府の接触確認アプリ「COCOA」の障害に言及し、「あまり出来の良いアプリではなかった」と苦言を呈した。9月のデジタル庁創設後はアプリ開発時にGoogleやAppleなどともダイレクトに協議する考えも示した。,Wed Feb 10 2021 17:16:00 GMT+0900 (日本標準時),https://www.itmedia.co.jp/news/articles/2102/10/news124.html
青色LEDの光で発電する太陽電池、無線給電に活用　東京都市大が新技術,東京都市大学総合研究所が、青色LEDの光を電気に変換する太陽電池を開発。屋外で移動する電気自動車などへの無線給電に活用できるという。今後10年以内の実用化を目指す。,東京都市大学総合研究所が、青色LEDの光を電気に変換する太陽電池を開発。屋外で移動する電気自動車などへの無線給電に活用できるという。今後10年以内の実用化を目指す。,Wed Feb 10 2021 16:48:00 GMT+0900 (日本標準時),https://www.itmedia.co.jp/news/articles/2102/10/news122.html
人の動きを検知するLED電球、＋Styleが発売　人感センサーを一体化してコンセント不要に,ECサイト「＋Style」を運営するプラススタイルが人感センサーで人の動きを検知して点灯するLED電球を発売する。価格は3980円（税込）。,ECサイト「＋Style」を運営するプラススタイルが人感センサーで人の動きを検知して点灯するLED電球を発売する。価格は3980円（税込）。,Wed Feb 10 2021 13:46:00 GMT+0900 (日本標準時),https://www.itmedia.co.jp/news/articles/2102/10/news097.html
「住みたい街ランキング」コロナで激変　賃貸トップは都内ではなく「本厚木」,賃貸で住みたい町1位は「本厚木（ほんあつぎ）」（神奈川県）……コロナ禍で首都圏の“住みたい街”ランキングが激変。賃貸派は郊外化が顕著になり、購入派は都心と郊外に二極化した。,賃貸で住みたい町1位は「本厚木（ほんあつぎ）」（神奈川県）……コロナ禍で首都圏の“住みたい街”ランキングが激変。賃貸派は郊外化が顕著になり、購入派は都心と郊外に二極化した。,Wed Feb 10 2021 13:21:00 GMT+0900 (日本標準時),https://www.itmedia.co.jp/news/articles/2102/10/news093.html
「GitHub禁止は解決にならない」「過度にリスク面だけ注目しないで」　IT連が声明,日本のIT団体を束ねる日本IT団体連盟は、「GitHub」を通じてソースコードが一部公開された事件について「GitHubなどの禁止は解決にならない」とする声明を発表した。,日本のIT団体を束ねる日本IT団体連盟は、「GitHub」を通じてソースコードが一部公開された事件について「GitHubなどの禁止は解決にならない」とする声明を発表した。,Wed Feb 10 2021 12:11:00 GMT+0900 (日本標準時),https://www.itmedia.co.jp/news/articles/2102/10/news082.html
Amazon、13インチで壁掛け式の薄型Echoデバイスを開発中か──Bloomberg,Amazon.comが壁掛け式の薄型Echoデバイスを開発していると、Bloombergが報じた。10インチか13インチのタッチ対応ディスプレイを備え、Alexaと画面のタップで操作できる。スマートホームのコントロールパネルやビデオチャットツールとして使えるという。,Amazon.comが壁掛け式の薄型Echoデバイスを開発していると、Bloombergが報じた。10インチか13インチのタッチ対応ディスプレイを備え、Alexaと画面のタップで操作できる。スマートホームのコントロールパネルやビデオチャットツールとして使えるという。,Wed Feb 10 2021 11:36:00 GMT+0900 (日本標準時),https://www.itmedia.co.jp/news/articles/2102/10/news073.html
M1 Mac、演算パワーを生かしたい物理モデリング音源なら万全か？,M1 Macに有利と思われる物理モデリング音源を試してみた。,M1 Macに有利と思われる物理モデリング音源を試してみた。,Wed Feb 10 2021 11:28:00 GMT+0900 (日本標準時),https://www.itmedia.co.jp/news/articles/2102/10/news074.html
「鬼滅の刃トミカ」発売　善逸は電気自動車、伊之助はSUV、カナヲは花の移動販売車,「鬼滅の刃トミカ」発売。「雷の呼吸」使い手の善逸は電気自動車（EV）、“猪突猛進”の伊之助はSUVなど、キャラのイメージに合ったボディを選び、衣装の模様や刀などをボディにデザインした。,「鬼滅の刃トミカ」発売。「雷の呼吸」使い手の善逸は電気自動車（EV）、“猪突猛進”の伊之助はSUVなど、キャラのイメージに合ったボディを選び、衣装の模様や刀などをボディにデザインした。,Wed Feb 10 2021 11:13:00 GMT+0900 (日本標準時),https://www.itmedia.co.jp/news/articles/2102/10/news069.html
[ITmedia ビジネスオンライン] シウマイ弁当、ひっぱりだこの蓋の打開策は？　苦戦する駅弁業界,コロナ禍で苦境に立たされているのが駅弁業界だ。前回の緊急事態宣言以降、人の移動が大幅に減ったことで、ターミナル駅を中心に売り上げの落ち込みが深刻となった。2度目の宣言が延長されるなか、逆境をはね返す打開策も生まれ、成功例も相次いでいる。,コロナ禍で苦境に立たされているのが駅弁業界だ。前回の緊急事態宣言以降、人の移動が大幅に減ったことで、ターミナル駅を中心に売り上げの落ち込みが深刻となった。2度目の宣言が延長されるなか、逆境をはね返す打開策も生まれ、成功例も相次いでいる。,Mon Feb 15 2021 19:09:00 GMT+0900 (日本標準時),https://www.itmedia.co.jp/business/articles/2102/15/news135.html
[ITmedia マーケティング] コロナ禍で20代女性の6割が「SNS接触時間増えた」――クロス・マーケティング調査,「SNSに関する調査（2021年）」の結果です。話題の「Clubhouse」についても聞いています。,「SNSに関する調査（2021年）」の結果です。話題の「Clubhouse」についても聞いています。,Mon Feb 15 2021 19:00:00 GMT+0900 (日本標準時),https://marketing.itmedia.co.jp/mm/articles/2102/15/news143.html
[ITmedia エンタープライズ] Webシェル攻撃とはどんなものか　Microsoft 365 Defenderが月間14万件も検出する脅威,Microsoftの分析によってサイバー攻撃にWebシェルが使われる件数が増加していることが分かった。Webシェルはこれまでもサイバー攻撃者に人気の高い攻撃方法だったが、この半年間で使用件数が加速的に増えているようだ。WebシェルはWebアプリケーションの脆弱性を突く形で設置されることが多い。アップデートを適用していないサーバを運用している場合には注意が必要だ。,Microsoftの分析によってサイバー攻撃にWebシェルが使われる件数が増加していることが分かった。Webシェルはこれまでもサイバー攻撃者に人気の高い攻撃方法だったが、この半年間で使用件数が加速的に増えているようだ。WebシェルはWebアプリケーションの脆弱性を突く形で設置されることが多い。アップデートを適用していないサーバを運用している場合には注意が必要だ。,Mon Feb 15 2021 18:19:00 GMT+0900 (日本標準時),https://www.itmedia.co.jp/enterprise/articles/2102/15/news130.html
[ITmedia ビジネスオンライン] 21年度、賃金を「上げる」企業の割合は？　コロナ禍の業績悪化で大幅減,帝国データバンクの調査結果によると、2021年度に賃金改善を見込む企業は42.0％。前年と比較すると11.3ポイント減少した。新型コロナウイルスの影響で業績が低迷した企業が多く、低水準に落ち込んだ。,帝国データバンクの調査結果によると、2021年度に賃金改善を見込む企業は42.0％。前年と比較すると11.3ポイント減少した。新型コロナウイルスの影響で業績が低迷した企業が多く、低水準に落ち込んだ。,Mon Feb 15 2021 18:00:00 GMT+0900 (日本標準時),https://www.itmedia.co.jp/business/articles/2102/15/news124.html
[ITmedia ビジネスオンライン] 雑誌『DIME』でリングライトの付録が登場　Web会議での需要に商機,小学館は雑誌『DIME』の2月16日発売号で、「LEDリングライト30」を付録にし販売すると発表した。価格は1100円（税込）。同社によると、雑誌の付録としてリングライトを同梱するのは初めてだという。,小学館は雑誌『DIME』の2月16日発売号で、「LEDリングライト30」を付録にし販売すると発表した。価格は1100円（税込）。同社によると、雑誌の付録としてリングライトを同梱するのは初めてだという。,Mon Feb 15 2021 17:55:00 GMT+0900 (日本標準時),https://www.itmedia.co.jp/business/articles/2102/15/news117.html
[ITmedia Mobile] スマホカメラで一眼レフカメラのような操作感を実現　「Shutter Grip2」登場,ロア・インターナショナルは、スマートフォン向け小型シャッターグリップ「Shutter Grip2」をクラウドファンディングサービス「Makuake」で先行販売。遠隔操作用リモコンや三脚穴などを搭載している。,ロア・インターナショナルは、スマートフォン向け小型シャッターグリップ「Shutter Grip2」をクラウドファンディングサービス「Makuake」で先行販売。遠隔操作用リモコンや三脚穴などを搭載している。,Mon Feb 15 2021 17:54:00 GMT+0900 (日本標準時),https://www.itmedia.co.jp/mobile/articles/2102/15/news126.html
[ITmedia ビジネスオンライン] リーガルコーポレーションが希望退職者を募集　コロナ禍でビジネスシューズの需要減,革靴大手のリーガルコーポレーションは希望退職者を募集する。ビジネスシューズの製造子会社も解散する。コロナ禍で革靴需要が減少した。,革靴大手のリーガルコーポレーションは希望退職者を募集する。ビジネスシューズの製造子会社も解散する。コロナ禍で革靴需要が減少した。,Mon Feb 15 2021 17:22:00 GMT+0900 (日本標準時),https://www.itmedia.co.jp/business/articles/2102/15/news121.html
[ITmedia Mobile] ロート製薬、アプリで運動精子濃度をチェックできるテストキットを発売,ロート製薬は、2月16日にアプリで運動精子濃度をチェックできる「dotest スマートフォン用運動精子濃度テストキット」を発売。顕微鏡型3枚レンズ採用で焦点深度が深いためブレが小さく、高精度で検体を測定できる。,ロート製薬は、2月16日にアプリで運動精子濃度をチェックできる「dotest スマートフォン用運動精子濃度テストキット」を発売。顕微鏡型3枚レンズ採用で焦点深度が深いためブレが小さく、高精度で検体を測定できる。,Mon Feb 15 2021 16:53:00 GMT+0900 (日本標準時),https://www.itmedia.co.jp/mobile/articles/2102/15/news116.html
[ITmedia PC USER] Google、「Googleフォト」アプリの編集機能を強化,米Googleは、同社提供のフォトアプリ「Googleフォト」の編集機能強化を発表した。,米Googleは、同社提供のフォトアプリ「Googleフォト」の編集機能強化を発表した。,Mon Feb 15 2021 16:52:00 GMT+0900 (日本標準時),https://www.itmedia.co.jp/pcuser/articles/2102/15/news118.html
[ITmedia ビジネスオンライン] 「プリコネ」「グラブル」　Cygames木村専務に聞く「大ヒットを連発できる理由」,厳しいスマホゲーム業界の生存競争を生き抜き、「プリンセスコネクト！Re:Dive」「グランブルーファンタジー」「Shadowverse（シャドウバース）」などヒット作を連発し、複数の作品で5年以上にわたりトップセールスを維持し続けているCygames。プロデューサーとしてゲーム開発にも携わる木村唯人専務に、ヒット作を連発できる理由を聞いた。,厳しいスマホゲーム業界の生存競争を生き抜き、「プリンセスコネクト！Re:Dive」「グランブルーファンタジー」「Shadowverse（シャドウバース）」などヒット作を連発し、複数の作品で5年以上にわたりトップセールスを維持し続けているCygames。プロデューサーとしてゲーム開発にも携わる木村唯人専務に、ヒット作を連発できる理由を聞いた。,Mon Feb 15 2021 16:46:00 GMT+0900 (日本標準時),https://www.itmedia.co.jp/business/articles/2102/15/news031.html
[ITmedia ビジネスオンライン] ナチュラルローソン、シャンプーやコンディショナーの量り売りを開始　プラ削減を推進,ナチュラルローソンでは、洗剤の量り売り実験をしている。利用者からの要望を受け、シャンプーやコンディショナーの量り売りも開始する。プラスチック削減を推進するため。,ナチュラルローソンでは、洗剤の量り売り実験をしている。利用者からの要望を受け、シャンプーやコンディショナーの量り売りも開始する。プラスチック削減を推進するため。,Mon Feb 15 2021 16:19:00 GMT+0900 (日本標準時),https://www.itmedia.co.jp/business/articles/2102/15/news112.html
[ITmedia PC USER] サードウェーブ、クリエイターPC「raytrek」に“東京カメラ部10選”監修モデル,サードウェーブは、写真投稿サイト「東京カメラ部」とコラボレーションしたクリエイター向けデスクトップPCの販売を開始した。,サードウェーブは、写真投稿サイト「東京カメラ部」とコラボレーションしたクリエイター向けデスクトップPCの販売を開始した。,Mon Feb 15 2021 16:00:00 GMT+0900 (日本標準時),https://www.itmedia.co.jp/pcuser/articles/2102/15/news110.html
[ITmedia ビジネスオンライン] 阪急、阪神も3月に終電繰り上げ　コロナ禍で深夜利用減少が顕著に,阪急電鉄と阪神電鉄は、3月13日のダイヤ改正で終電時刻を繰り上げる。新型コロナウイルス感染拡大の影響によって深夜時間帯の利用者数が減少しており、需要に応じた運行体制に変える。,阪急電鉄と阪神電鉄は、3月13日のダイヤ改正で終電時刻を繰り上げる。新型コロナウイルス感染拡大の影響によって深夜時間帯の利用者数が減少しており、需要に応じた運行体制に変える。,Mon Feb 15 2021 15:38:00 GMT+0900 (日本標準時),https://www.itmedia.co.jp/business/articles/2102/15/news107.html
[ITmedia PC USER] エプソン、大容量インクタンク搭載で低コスト印刷に対応した家庭用インクジェットプリンタ,エプソン販売は、大容量インクタンクを標準装備した家庭用インクジェットプリンタ「EP-M553T」を発表した。,エプソン販売は、大容量インクタンクを標準装備した家庭用インクジェットプリンタ「EP-M553T」を発表した。,Mon Feb 15 2021 14:21:00 GMT+0900 (日本標準時),https://www.itmedia.co.jp/pcuser/articles/2102/15/news103.html
[ITmedia Mobile] 5Gのエリア拡大とともに広がるミッドレンジスマホ　ソフトバンクとauの戦略を解説,5Gのエリアが広がるとともに、端末のバリエーションも広がり始めている。当初はフラグシップモデルが中心だったが、2020年の秋冬ごろから徐々に5万円を下回るエントリーモデルが増えてきた。ソフトバンクとKDDIが、春商戦向けの安価な5Gスマートフォンを発表。両社の戦略を中心に解説する。,5Gのエリアが広がるとともに、端末のバリエーションも広がり始めている。当初はフラグシップモデルが中心だったが、2020年の秋冬ごろから徐々に5万円を下回るエントリーモデルが増えてきた。ソフトバンクとKDDIが、春商戦向けの安価な5Gスマートフォンを発表。両社の戦略を中心に解説する。,Mon Feb 15 2021 14:00:00 GMT+0900 (日本標準時),https://www.itmedia.co.jp/mobile/articles/2102/15/news079.html
[ITmedia Mobile] auがミッドレンジスマホ「Galaxy A32 5G」「OPPO A54 5G」発表　国内ではau限定,KDDIが2月15日、5G対応のミッドレンジスマートフォン「Galaxy A32 5G」と「OPPO A54 5G」を発表。Galaxy A32 5Gは2月25日から、OPPO A54 5Gは5月下旬以降に発売する。2機種とも国内ではau限定モデルとなる。,KDDIが2月15日、5G対応のミッドレンジスマートフォン「Galaxy A32 5G」と「OPPO A54 5G」を発表。Galaxy A32 5Gは2月25日から、OPPO A54 5Gは5月下旬以降に発売する。2機種とも国内ではau限定モデルとなる。,Mon Feb 15 2021 14:00:00 GMT+0900 (日本標準時),https://www.itmedia.co.jp/mobile/articles/2102/15/news100.html
[ITmedia ビジネスオンライン] ドトール、PayPay、d払いなどコード決済サービス導入　キャッシュレス比率は4割超,ドトールコーヒーは3月1日から、全国のドトールグループ店舗全1200店にて、コード決済サービスを導入すると発表した。,ドトールコーヒーは3月1日から、全国のドトールグループ店舗全1200店にて、コード決済サービスを導入すると発表した。,Mon Feb 15 2021 13:15:00 GMT+0900 (日本標準時),https://www.itmedia.co.jp/business/articles/2102/15/news097.html
[ITmedia Mobile] ドコモの「Galaxy S10／S10＋」「Galaxy Note10＋」がOSバージョンアップ　Android 11に,NTTドコモが、2月15日から「Galaxy S10／S10＋」「Galaxy Note10＋」のOSバージョンアップサービスを開始した。Android 11では通知やプライバシーの強化をはじめ「スグアプ」への対応、ロックスクリーン画面でのウィジェット対応などを行う。,NTTドコモが、2月15日から「Galaxy S10／S10＋」「Galaxy Note10＋」のOSバージョンアップサービスを開始した。Android 11では通知やプライバシーの強化をはじめ「スグアプ」への対応、ロックスクリーン画面でのウィジェット対応などを行う。,Mon Feb 15 2021 13:15:00 GMT+0900 (日本標準時),https://www.itmedia.co.jp/mobile/articles/2102/15/news078.html
[ITmedia ビジネスオンライン] イオン、福島県沖の地震による店舗の休業情報を発表　マツキヨやツルハも,2月13日に発生した福島県沖の地震で小売りチェーンに被害が生じた。イオン、マツキヨHD、ツルハHDが店舗の休業状況などを公開している。,2月13日に発生した福島県沖の地震で小売りチェーンに被害が生じた。イオン、マツキヨHD、ツルハHDが店舗の休業状況などを公開している。,Mon Feb 15 2021 13:09:00 GMT+0900 (日本標準時),https://www.itmedia.co.jp/business/articles/2102/15/news096.html
[ITmedia PC USER] マウス、「MousePro」10周年キャンペーン第2弾を開始,マウスコンピューターは、同社製ビジネスPC「MousePro」の販売10周年を記念したキャンペーンモデルの第2弾を発表した。,マウスコンピューターは、同社製ビジネスPC「MousePro」の販売10周年を記念したキャンペーンモデルの第2弾を発表した。,Mon Feb 15 2021 12:57:00 GMT+0900 (日本標準時),https://www.itmedia.co.jp/pcuser/articles/2102/15/news094.html
[ITmedia Mobile] ドトールグループ、3月1日からコード決済サービスを導入,ドトールコーヒーは、3月1日から全国のドトールグループ約1200店舗で「PayPay」「d払い」「楽天ペイ」「au PAY」「メルペイ」「QUOカードPay」「ゆうちょPay」「支付宝（Alipay）」「微信支付（WeChat Pay）」を導入する。,ドトールコーヒーは、3月1日から全国のドトールグループ約1200店舗で「PayPay」「d払い」「楽天ペイ」「au PAY」「メルペイ」「QUOカードPay」「ゆうちょPay」「支付宝（Alipay）」「微信支付（WeChat Pay）」を導入する。,Mon Feb 15 2021 12:40:00 GMT+0900 (日本標準時),https://www.itmedia.co.jp/mobile/articles/2102/15/news082.html
[ITmedia PC USER] 第11世代Core iに対応したIntel Z590マザーが旧正月前に滑り込み！,Intelの次世代CPUに対応する新チップセット「Intel Z590」を搭載したマザーボードが、複数のメーカーから登場。様子見の空気が濃厚だが、注目度は高い。,Intelの次世代CPUに対応する新チップセット「Intel Z590」を搭載したマザーボードが、複数のメーカーから登場。様子見の空気が濃厚だが、注目度は高い。,Mon Feb 15 2021 12:00:00 GMT+0900 (日本標準時),https://www.itmedia.co.jp/pcuser/articles/2102/15/news085.html
[ITmedia PC USER] サードウェーブ、ミドルタワー筐体を採用したスタンダード設計のデスクトップPC「Monarch GE」,サードウェーブは、ミドルタワー型筐体を採用するデスクトップPC「Monarch」シリーズの新モデルを発表した。,サードウェーブは、ミドルタワー型筐体を採用するデスクトップPC「Monarch」シリーズの新モデルを発表した。,Mon Feb 15 2021 11:53:00 GMT+0900 (日本標準時),https://www.itmedia.co.jp/pcuser/articles/2102/15/news086.html
[ITmedia Mobile] ソフトバンクがLTE用帯域を「5G」でも利用　700MHz、1.7GHz、3.4GHzの3帯域,ソフトバンクが、SoftBank 4G LTEサービスで利用している電波帯域のうち、700MHz、1.7GHz、3.4GHzの3帯域を順次SoftBank 5Gでも利用することを発表した。これらの帯域での5G通信には、端末のソフトウェア更新が必要となる。,ソフトバンクが、SoftBank 4G LTEサービスで利用している電波帯域のうち、700MHz、1.7GHz、3.4GHzの3帯域を順次SoftBank 5Gでも利用することを発表した。これらの帯域での5G通信には、端末のソフトウェア更新が必要となる。,Mon Feb 15 2021 11:40:00 GMT+0900 (日本標準時),https://www.itmedia.co.jp/mobile/articles/2102/15/news084.html
[ITmedia ビジネスオンライン] 100万部突破も！　自己啓発本が売れている背景に何が,昨年から続く新型コロナウイルス禍で、自分磨きの本が売れている。背景に、在宅勤務などで自分自身と向き合う時間が増える中、スキルアップしてウイズ・コロナ、アフター・コロナに備えようという意識が高まっていることがあるようだ。,昨年から続く新型コロナウイルス禍で、自分磨きの本が売れている。背景に、在宅勤務などで自分自身と向き合う時間が増える中、スキルアップしてウイズ・コロナ、アフター・コロナに備えようという意識が高まっていることがあるようだ。,Mon Feb 15 2021 11:38:00 GMT+0900 (日本標準時),https://www.itmedia.co.jp/business/articles/2102/15/news083.html
[ITmedia News] M1チップ搭載MacBook Proの納期が「1～3営業日」に短縮,M1搭載Macでは、MacBook AirよりもMacBook Proの方が入手しやすくなった。,M1搭載Macでは、MacBook AirよりもMacBook Proの方が入手しやすくなった。,Mon Feb 15 2021 11:13:00 GMT+0900 (日本標準時),https://www.itmedia.co.jp/news/articles/2102/15/news077.html
[ITmedia ビジネスオンライン] 美ら海水族館への来訪者、62.1％減　沖縄で人出の減少率が最も大きいのは？,沖縄セルラー電話は13日までに、スマートフォンの位置情報を基に、新型コロナウイルス感染拡大前後の県内の人出を分析した。2020年に主要16地点を訪れた人は……。,沖縄セルラー電話は13日までに、スマートフォンの位置情報を基に、新型コロナウイルス感染拡大前後の県内の人出を分析した。2020年に主要16地点を訪れた人は……。,Mon Feb 15 2021 11:07:00 GMT+0900 (日本標準時),https://www.itmedia.co.jp/business/articles/2102/15/news076.html
[ITmedia エンタープライズ] 技術を使う「人」の能力を、RPAとAIでどう上げる？　UiPath社長が語った「3つのトレンド」,RPAとAIを組み合わせてDXを推進する動きが注目を集めている。どのようなソリューションがトレンドなのか。RPAソリューション大手ベンダー、UiPathの長谷川社長による説明を基に考察したい。,RPAとAIを組み合わせてDXを推進する動きが注目を集めている。どのようなソリューションがトレンドなのか。RPAソリューション大手ベンダー、UiPathの長谷川社長による説明を基に考察したい。,Mon Feb 15 2021 11:00:00 GMT+0900 (日本標準時),https://www.itmedia.co.jp/enterprise/articles/2102/15/news061.html
[ITmedia ビジネスオンライン] 半年で約34倍　ぴあ総研が有料型オンラインライブの市場規模を発表,2020年の総額は推計448億円。,2020年の総額は推計448億円。,Mon Feb 15 2021 10:30:00 GMT+0900 (日本標準時),https://www.itmedia.co.jp/business/articles/2102/15/news073.html
[ITmedia ビジネスオンライン] 日経平均、一時3万円台回復　30年6カ月ぶり,日経平均が心理的な節目となる3万円を一時回復した。バブル崩壊直後の1990年8月以来、30年6カ月ぶり。,日経平均が心理的な節目となる3万円を一時回復した。バブル崩壊直後の1990年8月以来、30年6カ月ぶり。,Mon Feb 15 2021 09:49:00 GMT+0900 (日本標準時),https://www.itmedia.co.jp/business/articles/2102/15/news069.html
[ITmedia エグゼクティブ] 鉄道各社、赤字決算相次ぐ　生き残りかけ新事業　ホテル事業でも損失,新型コロナウイルス禍が直撃し、首都圏の私鉄大手9社全社が最終赤字となった。,新型コロナウイルス禍が直撃し、首都圏の私鉄大手9社全社が最終赤字となった。,Mon Feb 15 2021 09:05:00 GMT+0900 (日本標準時),https://mag.executive.itmedia.co.jp/executive/articles/2102/15/news065.html
[ITmedia エンタープライズ] サイバー攻撃リスクは高く、現場に余裕はない――苦しい医療機関のためのセキュリティ「5つの見直し」と「4つの対策」,医療の現場が大きな負担と緊張にさらされる一方、患者のデータや治療情報といったセンシティブなデータは、残念ながら多くのサイバー攻撃者にとって格好の“的”でもあります。セキュリティのレベルは強化しなければならないけれど、とても人を割く余裕がない――。そんな現場でも今からできる対策を取り上げました。,医療の現場が大きな負担と緊張にさらされる一方、患者のデータや治療情報といったセンシティブなデータは、残念ながら多くのサイバー攻撃者にとって格好の“的”でもあります。セキュリティのレベルは強化しなければならないけれど、とても人を割く余裕がない――。そんな現場でも今からできる対策を取り上げました。,Mon Feb 15 2021 07:00:00 GMT+0900 (日本標準時),https://www.itmedia.co.jp/enterprise/articles/2102/15/news022.html
[ITmedia エンタープライズ] 行政DXのモデルケースを目指す　福井県とMSが連携協定を締結,福井県と日本マイクロソフトは、連携協定を締結した。同県が取り組む行政DXの推進やデジタル人材の育成を強化する目的だ。「デジタル先進県」を目指す福井県が、今回の連携協定で強化する4つの柱とは。,福井県と日本マイクロソフトは、連携協定を締結した。同県が取り組む行政DXの推進やデジタル人材の育成を強化する目的だ。「デジタル先進県」を目指す福井県が、今回の連携協定で強化する4つの柱とは。,Mon Feb 15 2021 07:00:00 GMT+0900 (日本標準時),https://www.itmedia.co.jp/enterprise/articles/2102/15/news040.html
[ITmedia ビジネスオンライン] 「一部の人だけテレワークは不公平」の声にどう対応した？　ユニリーバの自由な働き方「WAA」が浸透した背景を探る,ユニリーバ・ジャパン・ホールディングスでは、2016年に人事制度「WAA」（Work from Anywhere and Anytime）を制定し、働く場所と時間を社員が選べる新しい働き方を取り入れた。しかし、工場やお客さま相談室など、一部の従業員は制度の対象外だった。「不公平」という声も上がる中で、どのように制度は浸透していったのか。島田由香さん（取締役人事総務本部長）に聞いた。,ユニリーバ・ジャパン・ホールディングスでは、2016年に人事制度「WAA」（Work from Anywhere and Anytime）を制定し、働く場所と時間を社員が選べる新しい働き方を取り入れた。しかし、工場やお客さま相談室など、一部の従業員は制度の対象外だった。「不公平」という声も上がる中で、どのように制度は浸透していったのか。島田由香さん（取締役人事総務本部長）に聞いた。,Mon Feb 15 2021 07:00:00 GMT+0900 (日本標準時),https://www.itmedia.co.jp/business/articles/2102/05/news081.html
[ITmedia ビジネスオンライン] “社内Zoom難民”を防ぐ！　Web会議用ブースの必要数と設置方法,オフィスではどの程度のWeb会議ブースが必要なのでしょうか。また、どのタイプのブースが使いやすいのでしょうか。,オフィスではどの程度のWeb会議ブースが必要なのでしょうか。また、どのタイプのブースが使いやすいのでしょうか。,Mon Feb 15 2021 07:00:00 GMT+0900 (日本標準時),https://www.itmedia.co.jp/business/articles/2102/15/news011.html
「歯間ケア」グッズおすすめ3選　歯間ブラシやデンタルフロスで歯周病予防【2021年最新版】,,,Mon Feb 15 2021 20:33:00 GMT+0900 (日本標準時),https://www.itmedia.co.jp/fav/articles/2102/15/news142.html
「ガンプラ」売れ筋ランキング　根強い「ファースト」人気【2021年2月】,「ガンダム」シリーズのプラモデル「ガンプラ」（販売元・BANDAI SPIRITS）。初代発売から40年以上がたちますが、新キットが続々登場し、ますます盛り上がっています。Amazon.co.jpの2月15日現在のランキングから、売れ筋上位のガンプラを紹介！,「ガンダム」シリーズのプラモデル「ガンプラ」（販売元・BANDAI SPIRITS）。初代発売から40年以上がたちますが、新キットが続々登場し、ますます盛り上がっています。Amazon.co.jpの2月15日現在のランキングから、売れ筋上位のガンプラを紹介！,Mon Feb 15 2021 19:15:00 GMT+0900 (日本標準時),https://www.itmedia.co.jp/fav/articles/2102/15/news134.html
【新製品】「コールマン」2021年ニューアイテム（ソロ編）　定番テントの新色や新型シングルバーナーなどをチェック！,人気のアウトドア用品ブランド「コールマン」（Coleman）。定番のテントやタープ、寝袋（シュラフ）、バーベキュー用品から、かゆいところに手が届くような小物まで幅広い商品ラインアップが手ごろな価格で入手できるのがコールマンの人気のポイントです。021年シーズン向け新商品の中から、ソロキャンパーに注目のアイテムをピックアップして紹介！,人気のアウトドア用品ブランド「コールマン」（Coleman）。定番のテントやタープ、寝袋（シュラフ）、バーベキュー用品から、かゆいところに手が届くような小物まで幅広い商品ラインアップが手ごろな価格で入手できるのがコールマンの人気のポイントです。021年シーズン向け新商品の中から、ソロキャンパーに注目のアイテムをピックアップして紹介！,Mon Feb 15 2021 18:30:00 GMT+0900 (日本標準時),https://www.itmedia.co.jp/fav/articles/2102/15/news131.html
